[
   {
      "position":"top-wrapper",
      "type":"wrapper",
      "width":"row-fluid",
      "childs":[
         {
            "position":"logo",
            "type":"locked",
            "width":"span3"
         },
         {
            "position":"mainmenu",
            "type":"locked",
            "width":"span9"
         }
      ]
   },
   {
      "position":"header",
      "type":"locked",
      "width":"row-fluid"
   },
   {
      "position":"top",
      "type":"module",
      "width":"row-fluid",
      "default_width":"5",
      "advanced":"0",
      "modules":[
         {
            "width_desktop":"3",
            "width_tablet":"6",
            "width_mobile":"6"
         },
         {
            "width_desktop":"3",
            "width_tablet":"6",
            "width_mobile":"6"
         },
         {
            "width_desktop":"3",
            "width_tablet":"6",
            "width_mobile":"6"
         },
         {
            "width_desktop":"3",
            "width_tablet":"6",
            "width_mobile":"6"
         },
         {
            "width_desktop":"3",
            "width_tablet":"3",
            "width_mobile":"3"
         },
         {
            "width_desktop":"3",
            "width_tablet":"3",
            "width_mobile":"3"
         },
         {
            "width_desktop":"3",
            "width_tablet":"3",
            "width_mobile":"3"
         },
         {
            "width_desktop":"3",
            "width_tablet":"3",
            "width_mobile":"3"
         },
         {
            "width_desktop":"3",
            "width_tablet":"3",
            "width_mobile":"3"
         },
         {
            "width_desktop":"3",
            "width_tablet":"3",
            "width_mobile":"3"
         },
         {
            "width_desktop":"3",
            "width_tablet":"3",
            "width_mobile":"3"
         },
         {
            "width_desktop":"3",
            "width_tablet":"3",
            "width_mobile":"3"
         },
         {
            "width_desktop":"3",
            "width_tablet":"3",
            "width_mobile":"3"
         },
         {
            "width_desktop":"3",
            "width_tablet":"3",
            "width_mobile":"3"
         },
         {
            "width_desktop":"3",
            "width_tablet":"3",
            "width_mobile":"3"
         },
         {
            "width_desktop":"3",
            "width_tablet":"3",
            "width_mobile":"3"
         },
         {
            "width_desktop":"3",
            "width_tablet":"3",
            "width_mobile":"3"
         }
      ]
   },
   {
      "position":"content-wrapper",
      "type":"wrapper",
      "width":"row-fluid",
      "childs":[
         {
            "position":"mainbody-wrapper",
            "type":"wrapper",
            "width":"span9",
            "childs":[
               {
                  "position":"breadcrumb",
                  "type":"module",
                  "width":"row-fluid",
                  "default_width":"5",
                  "advanced":"1",
                  "modules":[

                  ]
               },
               {
                  "position":"mainbody_top",
                  "type":"module",
                  "width":"row-fluid",
                  "default_width":"5",
                  "advanced":"0",
                  "modules":[

                  ]
               },
               {
                  "position":"mainbody",
                  "type":"locked",
                  "width":"row-fluid"
               },
               {
                  "position":"mainbody_bottom",
                  "type":"module",
                  "width":"row-fluid",
                  "default_width":"5",
                  "advanced":"0",
                  "modules":[
                     {
                        "width_desktop":"3",
                        "width_tablet":"3",
                        "width_mobile":"3"
                     },
                     {
                        "width_desktop":"3",
                        "width_tablet":"3",
                        "width_mobile":"3"
                     },
                     {
                        "width_desktop":"3",
                        "width_tablet":"3",
                        "width_mobile":"3"
                     },
                     {
                        "width_desktop":"3",
                        "width_tablet":"3",
                        "width_mobile":"3"
                     }
                  ]
               }
            ]
         },
         {
            "position":"sidebar",
            "type":"module",
            "float":"right",
            "width":"span3",
            "default_width":"5",
            "advanced":"0",
            "sibling":"mainbody-wrapper"
         }
      ]
   },
   {
      "position":"bottom",
      "type":"module",
      "width":"row-fluid",
      "default_width":"5",
      "advanced":"0",
      "modules":[
         {
            "width_desktop":"2",
            "width_tablet":"4",
            "width_mobile":"4"
         },
         {
            "width_desktop":"2",
            "width_tablet":"3",
            "width_mobile":"3"
         },
         {
            "width_desktop":"2",
            "width_tablet":"3",
            "width_mobile":"3"
         },
         {
            "width_desktop":"2",
            "width_tablet":"3",
            "width_mobile":"3"
         },
         {
            "width_desktop":"2",
            "width_tablet":"3",
            "width_mobile":"3"
         },
         {
            "width_desktop":"2",
            "width_tablet":"3",
            "width_mobile":"3"
         },
         {
            "width_desktop":"6",
            "width_tablet":"3",
            "width_mobile":"3"
         },
         {
            "width_desktop":"6",
            "width_tablet":"3",
            "width_mobile":"3"
         }
      ]
   },
   {
      "position":"footer",
      "type":"module",
      "width":"span8",
      "default_width":"5",
      "advanced":"0",
      "modules":[
         {
            "width_desktop":"11",
            "width_tablet":"9",
            "width_mobile":"9"
         }
      ]
   }
]