<?xml version="1.0" encoding="utf-8"?>
<extension version="2.5" type="template" client="site" method="upgrade">
    <name>ju_joomla70</name>
    <creationDate>2015</creationDate>
    <author>joomla2you.com</author>
    <authorEmail>support@joomla2you.com</authorEmail>
    <authorUrl>http://www.joomla2you.com</authorUrl>
    <copyright>Copyright (C) 2010 - 2015 joomla2you.com. All rights reserved.</copyright>
    <license>http://www.gnu.org/licenses/gpl-2.0.html GNU/GPLv2 only</license>
    <version>3.5.2</version>
    <description><![CDATA[
    <script src="../templates/ju_joomla70/admin/jscolor/jscolor.js" type="text/javascript"></script>
			<style type="text/css" media="all">
				<!--
				#wrap1 {padding:0px 0px 4px 0px;}
				h1 {clear:both;font-family: Georgia, sans-serif;font-size:36px;margin:30px 20px 12px ;padding:0px 0px 24px 10px;color:#333; border-bottom: 1px solid #ccc; font-weight: normal;}
				h4 { border: none;  margin: 0 0 12px; padding:0; font: italic 20px/32px Georgia, sans-serif; color: #333; }
				sup { font-style: italic; font-size: }
				.wrap2 {background:#fff;padding: 20px; font-family: Arial; font-size:13px; text-align: justify; color: #4d4d4d; line-height: 24px;}
				.leftside {margin: 16px 0 0 176px; font-weight:normal!important; }
				.livedemo { margin-top: 28px; }
				.param_headings {display:block; font-weight:bold; text-transform:uppercase; font-size:100%; background:#369; color:#fff;padding:5px 15px;}
				.param_headings a {color:#fff;}
				.adminformlist .hasTip {cursor: help;}
				.panel .title { padding: 9px !important; background: #fafafa !important;}
				.panel .title:hover, .panel .title:active { padding: 9px !important; background: #f7f7f7 !important; }
				ul.adminformlist li { float: left; margin: 0px; padding: 5px 0 5px 0 !important; width: 100%; clear: left; }
				#style-form .nav-tabs{border-bottom:2px solid #ff9933;}
				#style-form .nav-tabs li a{font-size:15px;font-weight:400;line-height:17px; color: #369;outline:none; border-color:#e5e5e5; padding:10px 20px 9px; background:#f9f9f9;}
				#style-form .nav-tabs > li > a:hover{background:#f1f1f1; color:#ff9933; border-color:#ccc; padding:10px 20px 9px;}
				#style-form .nav-tabs li.active a{background:#ff9933; color:#fff; border-color:#ff9933; padding:10px 20px;}
				* html .clearfix,:first-child+html .clearfix{zoom:1}
				.line_separator.hasText{color:#fff;cursor:pointer;font-size:12px;line-height:1px;}
				.line_separator{background:#ff9933;clear:both;display:block;height:2px;margin:2px 0}
				.line_separator.hasText span{background:#ff9933;padding:4px 15px}
				.text-limit{text-align:right}
				-->
			</style>						
			<div id="wrap1">     
			<h1><em>ju_joomla70</em></h1>
			<div class="wrap2">                  						
			<a title="Visit the official website!" href="http://www.joomla2you.com/" target="_blank"> <img style="float:left;margin-right:10px;padding:2px" src="../templates/ju_joomla70/template_thumbnail.png" border="0" alt="Logo" /></a>   
			<div class="leftside">
			<h4>Free version </h4> 
			<p>All features are available in pro template.</p>
			<p>On this version to set up the menu go in extensions - module manager. For the main menu select the postion mainmenu and in Advance Options for Alternative Layout select mainmenu.</p>
			<p>The pro is available in <a href="http://www.joomla2you.com/joomla-templates/view_document/112-ju-joomla67">this link</a></p>
			</div></div></div>]]>
</description>
<languages folder="language">
		<language tag="en-GB">en-GB/en-GB.tpl_ju_joomla70.ini</language>
</languages>
    <positions>
        <position>cpanel1</position>
        <position>cpanel2</position>
        <position>cpanel3</position>
		<position>features</position>
		<position>bookmarks</position>
		<position>search</position>
		<position>login</position>
        <position>header</position>
        <position>header1</position>
        <position>top1</position>
        <position>top2</position>
        <position>top3</position>
        <position>top4</position>
        <position>top5</position>
        <position>top6</position>
        <position>left</position>
        <position>left1</position>
        <position>left2</position>
        <position>left-mid</position>
        <position>left3</position>
        <position>left4</position>
        <position>left-bottom</position>
        <position>right</position>
        <position>right1</position>
        <position>right2</position>
        <position>right-mid</position>
        <position>right3</position>
        <position>right4</position>
        <position>right-bottom</position>
        <position>top</position>
        <position>tabmod</position>
        <position>bottom</position>
        <position>maintop1</position>
        <position>maintop2</position>
        <position>maintop3</position>
        <position>maintop4</position>
        <position>mainbottom1</position>
        <position>mainbottom6</position>
        <position>mainbottom7</position>
        <position>mainbottom8</position>
        <position>sideleft</position>
        <position>sideright</position>
        <position>advert</position>
        <position>advert1</position>
        <position>advert2</position>
        <position>advert3</position>
        <position>advert4</position>
        <position>advert-mid</position>
        <position>advert5</position>
        <position>advert6</position>
        <position>advert7</position>
        <position>advert8</position>
        <position>advert-bottom</position>
        <position>pathway</position>
        <position>info-top</position>
        <position>info1</position>
        <position>info2</position>
        <position>info3</position>
        <position>info4</position>
        <position>info-bottom</position>
        <position>bottom1</position>
        <position>bottom2</position>
        <position>bottom3</position>
        <position>bottom4</position>
        <position>bottom5</position>
        <position>bottom6</position>
        <position>breadcrumbs</position>
        <position>footer-nav</position>
    </positions>
    <files>
        <file>index.php</file>
        <file>index.html</file>
        <file>component.php</file>
        <file>error.php</file>
        <file>offline.php</file>
        <file>template_preview.png</file>
        <file>template_thumbnail.png</file>
        <file>templateDetails.xml</file>
        <folder>css/</folder>
        <folder>html/</folder>
        <folder>admin/</folder>
        <folder>images/</folder>
        <folder>slider/</folder>
        <folder>language/</folder>
        <folder>lib/</folder>
        <folder>js/</folder>
    </files>
    <config>
        <fields name="params">
            <fieldset name="Basic" addfieldpath="/templates/ju_joomla70/lib/framework/elements">
                <!--Start Basic Tab-->	
                <field type="spacer" label="ONLY_IN_PRO" />	
                <field type="line" text="Template Layout" />
                <field name="layout_type" type="list" default="1" label="LAYOUT_TYPE" description="LAYOUT_TYPE_DESC">
                    <option value="1">Left + Content + Right</option>
                    <option value="2" disabled="true">Left + Right + Content</option>
                    <option value="3" disabled="true">Content + Left + Right</option>
                </field>
                <field name="main_width" type="text" default="960px" label="MAIN_WIDTH" description="MAIN_WIDTH_DESC" disabled="true" />
                <field name="left_width" type="text" default="25" label="LEFT_WIDTH" description="LEFT_WIDTH_DESC" disabled="true" />
                <field name="right_width" type="text" default="27" label="RIGHT_WIDTH" description="RIGHT_WIDTH_DESC" disabled="true" />
                <field name="sideleft_width" type="text" default="20" label="INSET1_WIDTH" description="INSET1_WIDTH_DESC" disabled="true" />
                <field name="sideright_width" type="text" default="30" label="INSET2_WIDTH" description="INSET2_WIDTH_DESC" disabled="true" />
                <field name="width_unit" type="radio" class="btn-group" default="percent" label="WIDTH_UNIT" description="WIDTH_UNIT_DESC">
                    <option value="percent">PERCENT</option>
                    <option value="pixel" disabled="true">PIXEL</option>
                </field>
                <field name="fixed_column_height" type="radio" class="btn-group" default="0" label="FIXED_COLUMN_HEIGHT" description="FIXED_COLUMN_HEIGHT_DESC">
                    <option value="0">JNO</option>
                    <option value="1" disabled="true">JYES</option>
                </field>
            
                <field type="line" text="LINE_PRESETS" />
                <field name="tempcolor" type="radio" class="btn-group" default="0" label="SHOW_TEMPLATE_COLOR" description="SHOW_TEMPLATE_COLOR_DESC">
                    <option value="0">No</option>
                    <option value="1" disabled="true">Yes</option>
                </field>
                <field name="style" type="list" default="blue" label="PRESET" description="PRESET_DESC">
                    <option value="blue">Blue</option>
                    <option value="green" disabled="true">Green</option>
                    <option value="brown" disabled="true">Brown</option>
					<option value="orange" disabled="true">Orange</option>
					<option value="lilac" disabled="true">Lilac</option>
					<option value="red" disabled="true">Red</option>
                </field>
                <field name="MeColor" class="color {required:false}" type="text" default="" label="Menu color Background" description="Select Background color for Menu" disabled="true"></field>
				<field name="MeText" class="color {required:false}" type="text" default="" label="Menu text color" description="Select text color for Menu" disabled="true"></field>
				<field name="HeColor" class="color {required:false}" type="text" default="" label="Header color Background" description="Select a Background color for header" disabled="true"></field>
				<field name="BgImage" type="media" default="" label="Background image" description="Select a Background image for header"/>
				<field name="BgColor" class="color {required:false}" type="text" default="" label="BG_COLOR_LABEL" description="BG_COLOR_DESC" disabled="true"></field>
				<field name="BgText" class="color {required:false}" type="text" default="" label="BG_TEXT_LABEL" description="BG_TEXT_DESC" disabled="true"></field>
				<field name="BgPattern" type="list" default="" label="BG_PATTERN_LABEL" description="BG_PATTERN_DESC">
					<option value="">Default</option>
					<option value="no" disabled="true">No Pattern</option>
					<option value="cross" disabled="true">cross</option>
					<option value="cube" disabled="true">cube</option>
					<option value="dot" disabled="true">dot</option>
					<option value="plus" disabled="true">plus</option>
					<option value="raster" disabled="true">raster</option>
					<option value="square" disabled="true">square</option>
					<option value="star" disabled="true">star</option>
					<option value="strip1" disabled="true">strip1</option>
					<option value="strip2" disabled="true">strip2</option>
					<option value="strip3" disabled="true">strip3</option>
					<option value="strip4" disabled="true">strip4</option>
					<option value="zigzagh" disabled="true">zigzagh</option>
					<option value="zigzagv" disabled="true">zigzagv</option>
				</field>
				<field name="BoColor" class="color {required:false}" type="text" default="" label="Bottom color Background" description="Select Background color for Bottom"></field>
				<field name="BoText" class="color {required:false}" type="text" default="" label="Bottom text color" description="Select text color for Bottom"></field>

                <field type="line" text="LINE_OTHERS" />
                <field name="fontsizer" type="radio" class="btn-group" default="0" label="SHOW_FONT_RES" description="SHOW_FONT_RES_DESC" disabled="true">
                    <option value="0">No</option>
                    <option value="1">Yes</option>
                </field>
                <field name="showtop" type="radio" class="btn-group" default="0" label="SHOW_GOTO_TOP" description="SHOW_GOTO_TOP_DESC" disabled="true">
                    <option value="0">No</option>
                    <option value="1">Yes</option>
                </field>
                <field name="ie6warn" type="radio" class="btn-group" default="0" label="IE6WARN" description="IE6WARN_DESC" disabled="true">
                    <option value="0">No</option>
                    <option value="1">Yes</option>
                </field>
                <field name="jquery" type="radio" class="btn-group" default="0" label="JQUERY" description="JQUERY_DESC" disabled="true">
                    <option value="0">No</option>
                    <option value="1">Yes</option>
                </field>
                <field name="bootstrap" type="radio" class="btn-group" default="1" label="BOOTSTRAP" description="BOOTSTRAP_DESC">
                    <option value="0">No</option>
                    <option value="1">Yes</option>
                </field>				
            </fieldset>
            <!--End logo Tab-->	
            	
            <!--Start Menu Tab-->
			<fieldset name="logo" description="" label="COM_TEMPLATES_LOGO">
				<field name="logo_type" type="radio" class="btn-group" default="image" label="LOGO_TYPE" description="LOGO_TYPE_TEXT" >
                    <option value="image">Image</option>
                    <option value="text">Text</option>
                </field>
                <field name="showMediaLogo" type="radio" class="btn-group" default="imglogo" label="SHOW_MEDIA_LOGO_LABEL" description="SHOW_MEDIA_LOGO_DESC">
						<option value="imglogo">Default Logo</option>
						<option value="imgload">Upload Logo</option>
					</field>
                <field name="mediaLogo" type="media" label="MEDIA_LOGO_LABEL" description="MEDIA_LOGO_DESC" />
                <field name="logo_text" type="text" default="LOGO" label="LOGO_TEXT" description="LOGO_TEXT_DESC" />
                <field name="logo_slogan" type="text" default="" label="LOGO_SLOGAN" description="LOGO_SLOGAN_DESC" />
                <field name="logo_width" type="text" default="170" label="LOGO_WIDTH" description="LOGO_WIDTH_DESC" />
                <field name="logo_height" type="text" default="60" label="LOGO_HEIGHT" description="LOGO_HEIGHT_DESC" />
            </fieldset>	
            <!--End logo Tab-->	
              
            <fieldset name="sliderspot" label="Slider">
                <field name="hide_slider" type="radio" class="btn-group" default="0" label="HIDE_SLIDER" description="HIDE_SLIDER_DESC">
                    <option value="1">Show</option>
                    <option value="0">Hide</option>
                </field>
                <field name="show_slider_items" type="menuitem" multiple="multiple" size="20" default="0" label="HIDE_SLIDER_ITEMS" description="HIDE_SLIDER_ITEMS_DESC" />
				<field type="line" text="First Slide"/>		
				<field name="jukenburn_thumb1" type="media" default="" label="Slider Image 1" description="Please choose an image..." />
				<field name="jukenburn_texts1" type="text" default="" label="First line text (pro)" description="Write here first line text for first slide" disabled="true" />
				<field name="jukenburn_desc1" type="text" default="" label="Second line text (pro)" description="Write here Second line text for first slide" disabled="true" />
				<field name="jukenburn_text1" type="text" default="" label="Read more link (pro)" description="Link for read more button" disabled="true" />
				<field type="line" text="Second Slide"/>	
				<field name="jukenburn_thumb2" type="media" default="" label="Slider Image 2" description="Please choose an image..." />
				<field name="jukenburn_texts2" type="text" default="" label="First line text (pro)" description="Write here first line text for second slide" disabled="true" />
				<field name="jukenburn_desc2" type="text" default="" label="Second line text (pro)" description="Write here Second line text for second slide" disabled="true" />
				<field name="jukenburn_text2" type="text" default="" label="Read more link (pro)" description="Link for read more button" disabled="true" />
				<field type="line" text="Third Slide"/>
				<field name="jukenburn_thumb3" type="media" default="" label="Slider Image 3" description="Please choose an image..." />
				<field name="jukenburn_texts3" type="text" default="" label="First line text (pro)" description="Write here first line text for third slide" disabled="true" />
				<field name="jukenburn_desc3" type="text" default="" label="Second line text (pro)" description="Write here Second line text for third slide" disabled="true" />
				<field name="jukenburn_text3" type="text" default="" label="Read more link (pro)" description="Link for read more button" disabled="true" />
				<field type="line" text="Fourth Slide"/>
				<field name="jukenburn_thumb4" type="media" default="" label="Slider Image 4" description="Please choose an image..." />
				<field name="jukenburn_texts4" type="text" default="" label="First line text (pro)" description="Write here first line text for fourth slide" disabled="true" />
				<field name="jukenburn_desc4" type="text" default="" label="Second line text (pro)" description="Write here Second line text for fourth slide" disabled="true" />
				<field name="jukenburn_text4" type="text" default="" label="Read more link (pro)" description="Link for read more button" disabled="true" />
				<field type="line" text="Fifth Slide"/>
				<field name="jukenburn_thumb5" type="media" default="" label="Slider Image 5" description="Please choose an image..." />
				<field name="jukenburn_texts5" type="text" default="" label="First line text (pro)" description="Write here first line text for slide 5" disabled="true" />
				<field name="jukenburn_desc5" type="text" default="" label="Second line text (pro)" description="Write here Second line text for fifth slide" disabled="true" />
				<field name="jukenburn_text5" type="text" default="" label="Read more link (pro)" description="Link for read more button" disabled="true" />	
				<field type="line" text="Slider settigns"/>	
                <field type="spacer" label="ONLY_IN_PRO" />	
				<field name="headHeigh" type="text" default="480" label="Header Height" description="Put a size for the header height" disabled="true" />				    
				<field name="banner" type="list" default="on" label="Stop Timer on Hover" description="Stop Banner Timet at Hover on Slide on/off.">
					<option value="off" disabled="true">Off</option>
					<option value="on">On</option>
				</field>
				<field name="menu" type="list" default="bullet" label="Navigation Type" description="Navigation Type bullet, thumb, none.">
					<option value="bullet">Bullet</option>
					<option value="thumb" disabled="true">Thumb</option>
					<option value="none" disabled="true">None</option>
				</field>							
				<field name="styles" type="list" default="round" label="Navigation Style" description="Navigation Style round,square,navbar.">
					<option value="round">Round</option>
					<option value="square" disabled="true">Square</option>
					<option value="navbar" disabled="true">Navbar</option>
				</field>							
				<field name="shadow" type="list" default="1" label="Shadow type" description="Shadow type. 0 = no Shadow, 1,2,3 = 3 Different Art of Shadows.">
					<option value="0" disabled="true">None</option>
					<option value="1" disabled="true">Shadow1</option>
					<option value="2" disabled="true">Shadow 2</option>
					<option value="3">Shadow 3</option>
				</field>				
				<field name="speed" type="list" default="5000" label="Speed of Annimation" description="This is the time at which the annimation happens.">
					<option value="3000" disabled="true">3 Seconds</option>
					<option value="4000" disabled="true">4 Seconds</option>
					<option value="5000" disabled="true">5 Seconds</option>
					<option value="6000">6 Seconds</option>
					<option value="7000" disabled="true">7 Seconds</option>
					<option value="8000" disabled="true">8 Seconds</option>
					<option value="9000" disabled="true">9 Seconds</option>
					<option value="10000" disabled="true">10 Seconds</option>
					<option value="11000" disabled="true">11 Seconds</option>
					<option value="12000" disabled="true">12 Seconds</option>
					<option value="13000" disabled="true">13 Seconds</option>
					<option value="14000" disabled="true">14 Seconds</option>
					<option value="15000" disabled="true">15 Seconds</option>
					<option value="16000" disabled="true">16 Seconds</option>
					<option value="17000" disabled="true">17 Seconds</option>
					<option value="18000" disabled="true">18 Seconds</option>
					<option value="19000" disabled="true">19 Seconds</option>
					<option value="20000" disabled="true">20 Seconds</option>
					<option value="30000" disabled="true">30 Seconds</option>
				</field>						
			</fieldset>	      				
            <!--Start Menu Tab-->
            <fieldset name="MENU">
                <field type="spacer" label="ONLY_IN_PRO" />	
                <field name="float" type="radio" class="btn-group" default="1" label="Float Menu" description="Select yes for Float Menu">
                    <option value="0">No</option>
                    <option value="1">Yes</option>
                </field>
                <field name="menutype" type="menu" default="mainmenu" label="SELECT_MENU" description="SELECT_MENU_DESC" disabled="true" />
                <field name="jumenu" type="list" default="moo" label="MENU_TYPE" description="MENU_TYPE_DESC">
                    <option value="0" disabled="true">Mega Menu</option>
                    <option value="moo">Moo Menu</option>
                    <option value="0" disabled="true">Split Menu</option>
                    <option value="0" disabled="true">Dropline Menu</option>
                </field>
                <field name="menu_col_width" type="text" default="200" label="DROP_COL_WIDTH" description="DROP_COL_WIDTH_DESC" disabled="true" />
                <field name="show_menu_image" type="radio" class="btn-group" default="0" label="SHOW_MENU_IMAGE" description="SHOW_MENU_IMAGE_DESC">
                    <option value="0">No</option>
                    <option value="1" disabled="true">Yes</option>
                </field>
                <field name="menu_animation" type="list" default="none" label="ANIMATION_TYPE" description="ANIMATION_TYPE_DESC">
                    <option value="none">No Animation</option>
                    <option value="fade" disabled="true">Fade</option>
                    <option value="slide" disabled="true">Slide</option>
                    <option value="slidefade" disabled="true">Slide and Fade</option>
                </field>
                <field name="menu_duration" type="text" default="300" label="DURATION" description="DURATION_DESC" disabled="true" />
                <field name="menu_transition" type="list" default="linear" label="TRANSITION" description="TRANSITION_DESC" disabled="true">
                    <option value="linear">linear</option>
                    <option value="Quad.easeOut">Quad.easeOut</option>
                    <option value="Quad.easeIn">Quad.easeIn</option>
                    <option value="Quad.easeInOut">Quad.easeInOut</option>
                    <option value="Cubic.easeOut">Cubic.easeOut</option>
                    <option value="Cubic.easeIn">Cubic.easeIn</option>
                    <option value="Cubic.easeInOut">Cubic.easeInOut</option>
                    <option value="Quart.easeOut">Quart.easeOut</option>
                    <option value="Quart.easeIn">Quart.easeIn</option>
                    <option value="Quart.easeInOut">Quart.easeInOut</option>
                    <option value="Quint.easeOut">Quint.easeOut</option>
                    <option value="Quint.easeIn">Quint.easeIn</option>
                    <option value="Quint.easeInOut">Quint.easeInOut</option>
                    <option value="Expo.easeOut">Expo.easeOut</option>
                    <option value="Expo.easeIn">Expo.easeIn</option>
                    <option value="Expo.easeInOut">Expo.easeInOut</option>
                    <option value="Circ.easeOut">Circ.easeOut</option>
                    <option value="Circ.easeIn">Circ.easeIn</option>
                    <option value="Circ.easeInOut">Circ.easeInOut</option>
                    <option value="Sine.easeOut">Sine.easeOut</option>
                    <option value="Sine.easeIn">Sine.easeIn</option>
                    <option value="Sine.easeInOut">Sine.easeInOut</option>
                    <option value="Back.easeOut">Back.easeOut</option>
                    <option value="Back.easeIn">Back.easeIn</option>
                    <option value="Back.easeInOut">Back.easeInOut</option>
                    <option value="Bounce.easeOut">Bounce.easeOut</option>
                    <option value="Bounce.easeIn">Bounce.easeIn</option>
                    <option value="Bounce.easeInOut">Bounce.easeInOut</option>
                    <option value="Elastic.easeOut">Elastic.easeOut</option>
                    <option value="Elastic.easeIn">Elastic.easeIn</option>
                    <option value="Elastic.easeInOut">Elastic.easeInOut</option>
                </field>
                <field name="init_x" type="text" default="0" label="X_OFFSET1" description="X_OFFSET1_DESC" disabled="true" />
                <field name="init_y" type="text" default="0" label="Y_OFFSET1" description="Y_OFFSET1_DESC" disabled="true" />
                <field name="sub_x" type="text" default="-10" label="X_OFFSET2" description="X_OFFSET2_DESC" disabled="true" />
                <field name="sub_y" type="text" default="5" label="Y_OFFSET2" description="Y_OFFSET2_DESC" disabled="true" />
            </fieldset>
            <!--End Menu Tab-->
			
            <!--Start Advanced Tab-->
            <fieldset name="ADVANCED">				
            	<field name="niceScroll" type="radio" class="btn-group" default="0" label="Smoth Scroll" description="">
					<option value="0">No</option>
					<option value="1">Yes</option>
				</field>
                <field type="line" text="LINE_HIDE_COMPONENT" />
                <field name="hide_component" type="radio" class="btn-group" default="0" label="HIDE_COMPONENT" description="HIDE_COMPONENT_DESC">
                    <option value="0">Show</option>
                    <option value="1">Hide</option>
                </field>
                <field name="hide_menu_items" type="menuitem" multiple="multiple" size="20" default="0" label="HIDE_MENU_ITEMS" description="HIDE_MENU_ITEMS_DESC" />
                <field type="line" text="LINE_GA" />
                <field name="enable_ga" type="radio" class="btn-group" default="0" label="ENABLE_GA" description="ENABLE_GA_DESC">
                    <option value="0">No</option>
                    <option value="1">Yes</option>
                </field>
                <field name="ga_code" type="text" default="" label="GA_CODE" description="GA_CODE_DESC" /> 
                <field type="line" text="Language Direction" />
                <field name="direction" type="radio" class="btn-group" default="ltr" label="DIRECTION" description="DIRECTION_DESC">
                    <option value="ltr">LTR</option>
                    <option value="rtl">RTL</option>
                </field>                
                <field type="line" text="LINE_JU" />
                <field name="showcp" type="radio" class="btn-group" default="1" label="SHOW_JU" description="SHOW_JU_DESC">
                    <option value="0">No</option>
                    <option value="1">Yes</option>
                </field>
                <field name="copyright" type="textarea" rows="6" cols="30" default="2015 joomla2you. All Rights Reserved." label="COPYRIGHT" description="COPYRIGHT_DESC" />
                <field name="designed_by" type="radio" class="btn-group" default="1" label="Designed by (only in pro)" description="DESIGNED_BY">
                    <option value="0" disabled="true">No</option>
                    <option value="1">Yes</option>
                </field>
                 <field type="line" text="Cache" />           
                <field name="cache_time" type="text" default="60" label="CACHE_TIME" description="CACHE_TIME_DESC" />
                <field type="line" text="Compress" />
                <field name="compress_css" type="radio" class="btn-group" default="0" label="Compress css (only in pro)" description="CSS_COMPRESS_DESC">
                    <option value="0">No</option>
                    <option value="1" disabled="true">Yes</option>
                </field>
                <field name="compress_js" type="radio" class="btn-group" default="0" label="Compress js (only in pro)" description="JS_COMPRESS_DESC">
                    <option value="0">No</option>
                    <option value="1" disabled="true">Yes</option>
                </field>               
            </fieldset>
        </fields>
    </config>
</extension>