<?xml version="1.0" encoding="utf-8"?>
<!DOCTYPE install PUBLIC "-//Joomla! 1.6//DTD template 1.0//EN" "http://www.joomla.org/xml/dtd/1.6/template-install.dtd">
<extension version="3.0" type="template" client="site">
<name>Car Deluxe</name>
<version>1.1</version>
<creationDate>May 2013</creationDate>
<author>Web Design Builders</author>
<authorEmail>mail@webdesignbuilders.net</authorEmail>
<authorUrl>http://www.webdesignbuilders.net</authorUrl>
<copyright>Web Design Builders</copyright>
<license>Free</license>
<description><![CDATA[<div style="border:1px solid #dedede; padding:15px; text-align:center; margin-bottom:15px;"><h1 style="margin:0px;">Car Deluxe</h1><h4 style="margin:0px;">By <a href="http://www.webdesignbuilders.net">Web Design Builders</a></h4>Joomla 3x Templates<br />Free License<br />Support : <a href="mailto:mail@webdesignbuilders.net">mail@webdesignbuilders.net</a></div>]]></description>
<files>
<filename>index.php</filename>
<filename>component.php</filename>
<filename>index.html</filename>
<filename>params.ini</filename>
<filename>templateDetails.xml</filename>
<filename>template_preview.png</filename>
<filename>template_thumbnail.png</filename>
<filename>favicon.ico</filename>
<folder>views</folder>
<folder>images</folder>
<folder>html</folder>
<folder>css</folder>
<folder>js</folder>
</files>
<positions>
<position>header</position>
<position>toolbar</position>
<position>search</position>
<position>banner</position>
<position>right</position>
<position>left</position>
<position>user1</position>
<position>user2</position>
<position>user3</position>
<position>user4</position>
<position>user5</position>
<position>user6</position>
<position>user7</position>
<position>user8</position>
<position>user9</position>
<position>advert1</position>
<position>advert2</position>
<position>advert3</position>
<position>advert4</position>
<position>advert5</position>
<position>footer1</position>
<position>footer2</position>
<position>footer3</position>
<position>footer4</position>
<position>footer5</position>
</positions>
<config>
<fields name="params">
<fieldset name="Basic" label="Configuration">
<field name="selectlogo" type="media" label="Logo" default="templates/cardeluxe/images/logo.png" />
<field name="selectfont" type="list" default="ff1" label="Font Family">
<option value="ff1">Arial</option>
<option value="ff2">Times New Roman</option>
<option value="ff3">Courier New</option>
<option value="ff4">Georgia</option>
<option value="ff5">Verdana</option>
<option value="ff6">Geneva</option>
<option value="ff7">Book Antiqua</option>
</field>
<field name="selectcopy" type="text" default="" label="Copyright" />
</fieldset>
</fields>
</config>
</extension>